fecha_consulta,tramo,fecha_vuelo,aerolinea,salida,llegada,precio_total
2026-09-28,ida,2026-12-01,LATAM,15:50,18:06,519
2026-09-28,ida,2026-12-01,Aerolineas Argentinas,12:20,14:45,541
2026-09-28,ida,2026-12-01,Aerolineas Argentinas,17:55,20:20,541
2026-09-28,ida,2026-12-01,Aerolineas Argentinas,07:00,09:25,504
2026-09-28,ida,2026-12-01,LATAM,09:25,11:41,519
2026-09-28,ida,2026-12-01,LATAM,21:00,23:16,519
2026-09-28,ida,2026-12-01,LATAM,22:30,00:46,519
2026-09-28,ida,2026-12-01,JetSMART,05:45,08:07,736
2026-09-28,ida,2026-12-02,LATAM,09:25,11:41,519
2026-09-28,ida,2026-12-02,Aerolineas Argentinas,12:20,14:45,580
2026-09-28,ida,2026-12-02,LATAM,15:50,18:06,590
2026-09-28,ida,2026-12-02,Aerolineas Argentinas,07:00,09:25,504
2026-09-28,ida,2026-12-02,LATAM,21:00,23:16,519
2026-09-28,ida,2026-12-02,Aerolineas Argentinas,18:35,21:00,656
2026-09-28,ida,2026-12-02,JetSMART,05:45,08:07,665
2026-09-28,ida,2026-12-03,LATAM,15:50,18:06,519
2026-09-28,ida,2026-12-03,Aerolineas Argentinas,17:55,20:20,541
2026-09-28,ida,2026-12-03,Aerolineas Argentinas,12:20,14:45,580
2026-09-28,ida,2026-12-03,Aerolineas Argentinas,07:00,09:25,504
2026-09-28,ida,2026-12-03,LATAM,21:00,23:16,519
2026-09-28,ida,2026-12-03,LATAM,09:25,11:41,623
2026-09-28,ida,2026-12-03,JetSMART,12:20,14:42,665
2026-09-28,ida,2026-12-03,JetSMART,05:20,07:42,677
2026-09-28,ida,2026-12-04,LATAM,15:50,18:06,519
2026-09-28,ida,2026-12-04,LATAM,22:30,00:46,519
2026-09-28,ida,2026-12-04,Aerolineas Argentinas,12:20,14:45,656
2026-09-28,ida,2026-12-04,Aerolineas Argentinas,07:00,09:25,580
2026-09-28,ida,2026-12-04,LATAM,21:00,23:16,590
2026-09-28,ida,2026-12-04,LATAM,09:25,11:41,623
2026-09-28,ida,2026-12-04,JetSMART,22:30,00:52,677
2026-09-28,ida,2026-12-04,JetSMART,05:45,08:07,715
2026-09-28,ida,2026-12-05,LATAM,15:50,18:06,519
2026-09-28,ida,2026-12-05,LATAM,21:00,23:16,519
2026-09-28,ida,2026-12-05,LATAM,22:30,00:46,519
2026-09-28,ida,2026-12-05,Aerolineas Argentinas,15:40,18:05,580
2026-09-28,ida,2026-12-05,JetSMART,16:30,18:52,677
2026-09-28,ida,2026-12-05,Aerolineas Argentinas,07:00,09:25,751
2026-09-28,ida,2026-12-05,LATAM,09:25,11:41,873
2026-09-28,ida,2026-12-05,JetSMART,05:45,08:07,1035
2026-09-28,ida,2026-12-06,Aerolineas Argentinas,18:15,20:40,504
2026-09-28,ida,2026-12-06,Aerolineas Argentinas,12:20,14:45,580
2026-09-28,ida,2026-12-06,LATAM,15:50,18:06,590
2026-09-28,ida,2026-12-06,JetSMART,16:30,18:52,715
2026-09-28,ida,2026-12-06,Aerolineas Argentinas,07:00,09:25,541
2026-09-28,ida,2026-12-06,JetSMART,05:45,08:07,677
2026-09-28,ida,2026-12-06,LATAM,09:25,11:41,781
2026-09-28,ida,2026-12-06,LATAM,21:00,23:16,873
2026-09-28,ida,2026-12-07,LATAM,09:25,11:41,519
2026-09-28,ida,2026-12-07,LATAM,15:50,18:06,519
2026-09-28,ida,2026-12-07,LATAM,22:30,00:46,623
2026-09-28,ida,2026-12-08,Aerolineas Argentinas,07:00,09:25,580
2026-09-28,ida,2026-12-08,LATAM,09:25,11:41,623
2026-09-28,ida,2026-12-08,JetSMART,05:45,08:07,677
2026-09-28,ida,2026-12-08,Aerolineas Argentinas,17:55,20:20,847
2026-09-28,ida,2026-12-08,LATAM,21:00,23:16,873
2026-09-28,ida,2026-12-08,Aerolineas Argentinas,12:20,14:45,947
2026-09-28,ida,2026-12-08,LATAM,15:50,18:06,981
2026-09-28,ida,2026-12-08,JetSMART,22:10,00:32,1139
2026-09-28,ida,2026-12-09,Aerolineas Argentinas,18:35,21:00,504
2026-09-28,ida,2026-12-09,LATAM,15:50,18:06,519
2026-09-28,ida,2026-12-09,Aerolineas Argentinas,12:20,14:45,541
2026-09-28,ida,2026-12-09,Aerolineas Argentinas,07:00,09:25,504
2026-09-28,ida,2026-12-09,LATAM,21:00,23:16,519
2026-09-28,ida,2026-12-09,LATAM,22:30,00:46,519
2026-09-28,ida,2026-12-09,LATAM,09:25,11:41,623
2026-09-28,ida,2026-12-09,JetSMART,05:45,08:07,677
2026-09-28,ida,2026-12-09,JetSMART,22:10,00:32,677
2026-09-28,ida,2026-12-10,Aerolineas Argentinas,12:20,14:45,541
2026-09-28,ida,2026-12-10,LATAM,15:50,18:06,623
2026-09-28,ida,2026-12-10,JetSMART,12:20,14:42,665
2026-09-28,ida,2026-12-10,Aerolineas Argentinas,07:00,09:25,504
2026-09-28,ida,2026-12-10,LATAM,09:25,11:41,590
2026-09-28,ida,2026-12-10,JetSMART,05:20,07:42,736
2026-09-28,ida,2026-12-10,Aerolineas Argentinas,17:55,20:20,751
2026-09-28,ida,2026-12-10,LATAM,21:00,23:16,781
2026-09-28,ida,2026-12-11,Aerolineas Argentinas,12:20,14:45,504
2026-09-28,ida,2026-12-11,Aerolineas Argentinas,18:35,21:00,504
2026-09-28,ida,2026-12-11,LATAM,15:50,18:06,519
2026-09-28,ida,2026-12-11,LATAM,09:25,11:41,519
2026-09-28,ida,2026-12-11,Aerolineas Argentinas,07:00,09:25,541
2026-09-28,ida,2026-12-11,JetSMART,16:30,18:52,677
2026-09-28,ida,2026-12-11,LATAM,21:00,23:16,781
2026-09-28,ida,2026-12-12,LATAM,15:50,18:06,519
2026-09-28,ida,2026-12-12,Aerolineas Argentinas,15:40,18:05,541
2026-09-28,ida,2026-12-12,JetSMART,16:30,18:52,677
2026-09-28,ida,2026-12-12,Aerolineas Argentinas,07:00,09:25,504
2026-09-28,ida,2026-12-12,LATAM,22:30,00:46,519
2026-09-28,ida,2026-12-12,LATAM,09:25,11:41,590
2026-09-28,ida,2026-12-12,LATAM,21:00,23:16,590
2026-09-28,ida,2026-12-12,JetSMART,05:45,08:07,677
2026-09-28,ida,2026-12-13,Aerolineas Argentinas,12:20,14:45,504
2026-09-28,ida,2026-12-13,Aerolineas Argentinas,18:15,20:40,580
2026-09-28,ida,2026-12-13,LATAM,15:50,18:06,715
2026-09-28,ida,2026-12-13,Aerolineas Argentinas,07:00,09:25,504
2026-09-28,ida,2026-12-13,LATAM,09:25,11:41,590
2026-09-28,ida,2026-12-13,JetSMART,05:45,08:07,677
2026-09-28,ida,2026-12-13,JetSMART,16:30,18:52,715
2026-09-28,ida,2026-12-14,JetSMART,23:55,02:17,531
2026-09-28,ida,2026-12-14,Aerolineas Argentinas,18:35,21:00,541
2026-09-28,ida,2026-12-14,LATAM,15:50,18:06,590
2026-09-28,ida,2026-12-14,Aerolineas Argentinas,07:00,09:25,504
2026-09-28,ida,2026-12-14,LATAM,22:30,00:46,519
2026-09-28,ida,2026-12-14,LATAM,09:25,11:41,590
2026-09-28,ida,2026-12-14,LATAM,21:00,23:16,590
2026-09-28,ida,2026-12-14,JetSMART,05:40,08:02,665
2026-09-28,ida,2026-12-14,Aerolineas Argentinas,12:20,14:45,751
2026-09-28,ida,2026-12-15,Aerolineas Argentinas,17:55,20:20,504
2026-09-28,ida,2026-12-15,Aerolineas Argentinas,12:20,14:45,580
2026-09-28,ida,2026-12-15,LATAM,15:50,18:06,590
2026-09-28,ida,2026-12-15,Aerolineas Argentinas,07:00,09:25,504
2026-09-28,ida,2026-12-15,LATAM,21:00,23:16,519
2026-09-28,ida,2026-12-15,JetSMART,05:45,08:07,665
2026-09-28,ida,2026-12-15,JetSMART,22:10,00:32,665
2026-09-28,ida,2026-12-16,Aerolineas Argentinas,12:20,14:45,504
2026-09-28,ida,2026-12-16,Aerolineas Argentinas,18:35,21:00,504
2026-09-28,ida,2026-12-16,LATAM,15:50,18:06,519
2026-09-28,ida,2026-12-16,Aerolineas Argentinas,07:00,09:25,504
2026-09-28,ida,2026-12-16,LATAM,09:25,11:41,519
2026-09-28,ida,2026-12-16,LATAM,21:00,23:16,519
2026-09-28,ida,2026-12-16,JetSMART,22:10,00:32,665
2026-09-28,ida,2026-12-16,JetSMART,05:45,08:07,677
2026-09-28,ida,2026-12-17,Aerolineas Argentinas,12:20,14:45,504
2026-09-28,ida,2026-12-17,LATAM,15:50,18:06,519
2026-09-28,ida,2026-12-17,Aerolineas Argentinas,17:55,20:20,541
2026-09-28,ida,2026-12-17,Aerolineas Argentinas,07:00,09:25,504
2026-09-28,ida,2026-12-17,LATAM,09:25,11:41,519
2026-09-28,ida,2026-12-17,LATAM,22:30,00:46,519
2026-09-28,ida,2026-12-17,LATAM,21:00,23:16,623
2026-09-28,ida,2026-12-17,JetSMART,12:20,14:42,677
2026-09-28,ida,2026-12-17,JetSMART,05:20,07:42,777
2026-09-28,ida,2026-12-18,LATAM,09:25,11:41,519
2026-09-28,ida,2026-12-18,Aerolineas Argentinas,12:20,14:45,541
2026-09-28,ida,2026-12-18,Aerolineas Argentinas,18:35,21:00,541
2026-09-28,ida,2026-12-18,Aerolineas Argentinas,07:00,09:25,504
2026-09-28,ida,2026-12-18,LATAM,22:30,00:46,519
2026-09-28,ida,2026-12-18,LATAM,21:00,23:16,590
2026-09-28,ida,2026-12-18,JetSMART,16:30,18:52,715
2026-09-28,ida,2026-12-18,JetSMART,05:45,08:07,1035
2026-09-28,ida,2026-12-19,Aerolineas Argentinas,07:00,09:25,580
2026-09-28,ida,2026-12-19,LATAM,15:50,18:06,590
2026-09-28,ida,2026-12-19,LATAM,09:25,11:41,623
2026-09-28,ida,2026-12-19,JetSMART,16:30,18:52,777
2026-09-28,ida,2026-12-19,Aerolineas Argentinas,15:40,18:05,947
2026-09-28,ida,2026-12-19,LATAM,21:00,23:16,1972
2026-09-28,ida,2026-12-20,LATAM,09:25,11:41,623
2026-09-28,ida,2026-12-20,Aerolineas Argentinas,12:20,14:45,656
2026-09-28,ida,2026-12-20,Aerolineas Argentinas,18:35,21:00,656
2026-09-28,ida,2026-12-20,Aerolineas Argentinas,07:00,09:25,580
2026-09-28,ida,2026-12-20,LATAM,22:30,00:46,590
2026-09-28,ida,2026-12-20,LATAM,21:00,23:16,665
2026-09-28,ida,2026-12-20,JetSMART,05:45,08:07,677
2026-09-28,ida,2026-12-20,LATAM,15:50,18:06,1319
2026-09-28,ida,2026-12-21,Aerolineas Argentinas,07:00,09:25,541
2026-09-28,ida,2026-12-21,Aerolineas Argentinas,12:20,14:45,580
2026-09-28,ida,2026-12-21,LATAM,09:25,11:41,590
2026-09-28,ida,2026-12-21,LATAM,15:50,18:06,623
2026-09-28,ida,2026-12-21,Aerolineas Argentinas,18:35,21:00,656
2026-09-28,ida,2026-12-21,JetSMART,05:40,08:02,665
2026-09-28,ida,2026-12-21,LATAM,21:00,23:16,1127
2026-09-28,ida,2026-12-22,LATAM,21:00,23:16,519
2026-09-28,ida,2026-12-22,LATAM,15:50,18:06,590
2026-09-28,ida,2026-12-22,Aerolineas Argentinas,12:20,14:45,656
2026-09-28,ida,2026-12-22,Aerolineas Argentinas,07:00,09:25,504
2026-09-28,ida,2026-12-22,LATAM,22:30,00:46,519
2026-09-28,ida,2026-12-22,LATAM,09:25,11:41,590
2026-09-28,ida,2026-12-22,JetSMART,05:45,08:07,665
2026-09-28,ida,2026-12-22,JetSMART,22:10,00:32,677
2026-09-28,ida,2026-12-22,Aerolineas Argentinas,17:55,20:20,847
2026-09-28,ida,2026-12-23,LATAM,09:25,11:41,519
2026-09-28,ida,2026-12-23,LATAM,21:00,23:16,519
2026-09-28,ida,2026-12-23,LATAM,15:50,18:06,623
2026-09-28,ida,2026-12-23,Aerolineas Argentinas,18:35,21:00,656
2026-09-28,ida,2026-12-23,LATAM,22:30,00:46,519
2026-09-28,ida,2026-12-23,Aerolineas Argentinas,07:00,09:25,580
2026-09-28,ida,2026-12-23,JetSMART,05:45,08:07,677
2026-09-28,ida,2026-12-23,Aerolineas Argentinas,12:20,14:45,751
2026-09-28,ida,2026-12-23,JetSMART,22:10,00:32,777
2026-09-28,ida,2026-12-24,LATAM,09:25,11:41,519
2026-09-28,ida,2026-12-24,Aerolineas Argentinas,07:00,09:25,541
2026-09-28,ida,2026-12-24,JetSMART,12:20,14:42,665
2026-09-28,ida,2026-12-24,JetSMART,05:20,07:42,665
2026-09-28,ida,2026-12-24,LATAM,15:50,18:06,715
2026-09-28,ida,2026-12-24,Aerolineas Argentinas,12:20,14:45,847
2026-09-28,ida,2026-12-24,LATAM,21:00,23:16,981
2026-09-28,ida,2026-12-25,LATAM,09:25,11:41,590
2026-09-28,ida,2026-12-25,LATAM,15:50,18:06,590
2026-09-28,ida,2026-12-25,JetSMART,16:30,18:52,677
2026-09-28,ida,2026-12-25,Aerolineas Argentinas,12:20,14:45,847
2026-09-28,ida,2026-12-25,JetSMART,05:45,08:07,665
2026-09-28,ida,2026-12-25,Aerolineas Argentinas,18:35,21:00,847
2026-09-28,ida,2026-12-25,LATAM,21:00,23:16,1127
2026-09-28,ida,2026-12-26,LATAM,21:00,23:16,590
2026-09-28,ida,2026-12-26,JetSMART,16:30,18:52,873
2026-09-28,ida,2026-12-26,Aerolineas Argentinas,15:40,18:05,947
2026-09-28,ida,2026-12-26,LATAM,22:30,00:46,665
2026-09-28,ida,2026-12-26,JetSMART,05:45,08:07,677
2026-09-28,ida,2026-12-26,Aerolineas Argentinas,07:00,09:25,847
2026-09-28,ida,2026-12-26,LATAM,09:25,11:41,1581
2026-09-28,ida,2026-12-27,LATAM,22:30,00:46,590
2026-09-28,ida,2026-12-27,JetSMART,16:30,18:52,777
2026-09-28,ida,2026-12-27,LATAM,15:50,18:06,781
2026-09-28,ida,2026-12-27,Aerolineas Argentinas,07:00,09:25,656
2026-09-28,ida,2026-12-27,JetSMART,05:45,08:07,677
2026-09-28,ida,2026-12-27,LATAM,09:25,11:41,715
2026-09-28,ida,2026-12-27,Aerolineas Argentinas,12:20,14:45,847
2026-09-28,ida,2026-12-27,Aerolineas Argentinas,18:35,21:00,847
2026-09-28,ida,2026-12-28,LATAM,15:50,18:06,623
2026-09-28,ida,2026-12-28,Aerolineas Argentinas,07:00,09:25,656
2026-09-28,ida,2026-12-28,JetSMART,05:40,08:02,677
2026-09-28,ida,2026-12-28,Aerolineas Argentinas,18:35,21:00,751
2026-09-28,ida,2026-12-28,JetSMART,22:10,00:32,777
2026-09-28,ida,2026-12-28,LATAM,21:00,23:16,873
2026-09-28,ida,2026-12-28,LATAM,22:30,00:46,873
2026-09-28,ida,2026-12-28,Aerolineas Argentinas,12:20,14:45,947
2026-09-28,ida,2026-12-29,LATAM,22:30,00:46,519
2026-09-28,ida,2026-12-29,Aerolineas Argentinas,12:20,14:45,656
2026-09-28,ida,2026-12-29,Aerolineas Argentinas,17:55,20:20,751
2026-09-28,ida,2026-12-29,Aerolineas Argentinas,07:00,09:25,656
2026-09-28,ida,2026-12-29,JetSMART,05:45,08:07,677
2026-09-28,ida,2026-12-29,LATAM,09:25,11:41,715
2026-09-28,ida,2026-12-29,LATAM,21:00,23:16,715
2026-09-28,ida,2026-12-29,JetSMART,22:10,00:32,736
2026-09-28,ida,2026-12-30,LATAM,09:25,11:41,519
2026-09-28,ida,2026-12-30,LATAM,15:50,18:06,781
2026-09-28,ida,2026-12-30,Aerolineas Argentinas,12:20,14:45,847
2026-09-28,ida,2026-12-30,Aerolineas Argentinas,07:00,09:25,656
2026-09-28,ida,2026-12-30,JetSMART,05:45,08:07,677
2026-09-28,ida,2026-12-30,LATAM,22:30,00:46,715
2026-09-28,ida,2026-12-30,JetSMART,22:10,00:32,736
2026-09-28,ida,2026-12-30,LATAM,21:00,23:16,781
2026-09-28,ida,2026-12-30,Aerolineas Argentinas,18:35,21:00,847
2026-09-28,ida,2026-12-31,LATAM,21:00,23:16,519
2026-09-28,ida,2026-12-31,LATAM,22:30,00:46,519
2026-09-28,ida,2026-12-31,JetSMART,12:20,14:42,677
2026-09-28,ida,2026-12-31,Aerolineas Argentinas,07:00,09:25,580
2026-09-28,ida,2026-12-31,LATAM,15:50,18:06,873
2026-09-28,ida,2027-01-01,Aerolineas Argentinas,07:00,09:25,656
2026-09-28,ida,2027-01-01,Aerolineas Argentinas,12:00,14:25,656
2026-09-28,ida,2027-01-01,JetSMART,22:10,00:35,677
2026-09-28,ida,2027-01-01,LATAM,15:50,18:06,715
2026-09-28,ida,2027-01-01,Aerolineas Argentinas,18:35,21:00,847
2026-09-28,ida,2027-01-01,LATAM,22:30,00:46,1127
2026-09-28,ida,2027-01-01,LATAM,21:00,23:16,1581
2026-09-28,ida,2027-01-02,Aerolineas Argentinas,07:00,09:25,751
2026-09-28,ida,2027-01-02,Aerolineas Argentinas,15:40,18:05,947
2026-09-28,ida,2027-01-02,JetSMART,10:30,12:55,965
2026-09-28,ida,2027-01-02,LATAM,15:50,18:06,1127
2026-09-28,ida,2027-01-02,JetSMART,22:10,00:35,1139
2026-09-28,ida,2027-01-02,LATAM,09:25,11:41,1319
2026-09-28,ida,2027-01-02,LATAM,22:30,00:46,1319
2026-09-28,ida,2027-01-02,LATAM,21:00,23:16,1972
2026-09-28,ida,2027-01-03,Aerolineas Argentinas,07:00,09:25,751
2026-09-28,ida,2027-01-03,Aerolineas Argentinas,18:45,21:10,847
2026-09-28,ida,2027-01-03,Aerolineas Argentinas,15:40,18:05,947
2026-09-28,ida,2027-01-03,JetSMART,22:10,00:35,873
2026-09-28,ida,2027-01-03,JetSMART,10:30,12:55,1035
2026-09-28,ida,2027-01-03,LATAM,15:50,18:06,1127
2026-09-28,ida,2027-01-03,LATAM,21:00,23:16,1127
2026-09-28,ida,2027-01-03,LATAM,22:30,00:46,1127
2026-09-28,ida,2027-01-04,LATAM,22:30,00:46,715
2026-09-28,ida,2027-01-04,Aerolineas Argentinas,18:35,21:00,751
2026-09-28,ida,2027-01-04,Aerolineas Argentinas,12:20,14:45,847
2026-09-28,ida,2027-01-04,LATAM,15:50,18:06,873
2026-09-28,ida,2027-01-04,Aerolineas Argentinas,07:00,09:25,847
2026-09-28,ida,2027-01-04,LATAM,09:25,11:41,1127
2026-09-28,ida,2027-01-04,LATAM,21:00,23:16,1972
2026-09-28,ida,2027-01-05,JetSMART,12:50,15:12,715
2026-09-28,ida,2027-01-05,LATAM,09:25,11:41,781
2026-09-28,ida,2027-01-05,Aerolineas Argentinas,18:15,20:40,947
2026-09-28,ida,2027-01-05,JetSMART,22:10,00:35,736
2026-09-28,ida,2027-01-05,JetSMART,05:45,08:07,777
2026-09-28,ida,2027-01-05,Aerolineas Argentinas,07:00,09:25,847
2026-09-28,ida,2027-01-05,LATAM,21:00,23:16,873
2026-09-28,ida,2027-01-05,LATAM,22:30,00:46,1127
2026-09-28,ida,2027-01-06,Aerolineas Argentinas,07:00,09:25,656
2026-09-28,ida,2027-01-06,LATAM,09:25,11:41,715
2026-09-28,ida,2027-01-06,Aerolineas Argentinas,18:35,21:00,847
2026-09-28,ida,2027-01-06,LATAM,21:00,23:16,873
2026-09-28,ida,2027-01-06,JetSMART,22:10,00:35,873
2026-09-28,ida,2027-01-06,LATAM,15:50,18:06,981
2026-09-28,ida,2027-01-06,LATAM,22:30,00:46,1127
2026-09-28,ida,2027-01-07,JetSMART,22:10,00:35,677
2026-09-28,ida,2027-01-07,JetSMART,12:50,15:12,715
2026-09-28,ida,2027-01-07,LATAM,21:00,23:16,715
2026-09-28,ida,2027-01-07,JetSMART,10:30,12:55,736
2026-09-28,ida,2027-01-07,Aerolineas Argentinas,07:00,09:25,751
2026-09-28,ida,2027-01-07,JetSMART,05:50,08:12,777
2026-09-28,ida,2027-01-07,Aerolineas Argentinas,18:15,20:40,947
2026-09-28,ida,2027-01-07,LATAM,15:50,18:06,1127
2026-09-28,ida,2027-01-07,LATAM,09:25,11:41,1319
2026-09-28,ida,2027-01-07,LATAM,22:30,00:46,1319
2026-09-28,ida,2027-01-08,Aerolineas Argentinas,07:00,09:25,580
2026-09-28,ida,2027-01-08,JetSMART,22:10,00:35,715
2026-09-28,ida,2027-01-08,Aerolineas Argentinas,12:00,14:25,751
2026-09-28,ida,2027-01-08,Aerolineas Argentinas,18:35,21:00,751
2026-09-28,ida,2027-01-08,LATAM,15:50,18:06,781
2026-09-28,ida,2027-01-08,LATAM,22:30,00:46,981
2026-09-28,ida,2027-01-08,LATAM,09:25,11:41,1581
2026-09-28,ida,2027-01-08,LATAM,21:00,23:16,1581
2026-09-28,ida,2027-01-09,JetSMART,10:30,12:55,873
2026-09-28,ida,2027-01-09,Aerolineas Argentinas,15:40,18:05,947
2026-09-28,ida,2027-01-09,LATAM,15:50,18:06,981
2026-09-28,ida,2027-01-09,Aerolineas Argentinas,07:00,09:25,751
2026-09-28,ida,2027-01-09,JetSMART,22:10,00:35,777
2026-09-28,ida,2027-01-09,LATAM,22:30,00:46,981
2026-09-28,ida,2027-01-09,LATAM,09:25,11:41,1319
2026-09-28,ida,2027-01-09,LATAM,21:00,23:16,1972
2026-09-28,ida,2027-01-10,JetSMART,22:10,00:35,677
2026-09-28,ida,2027-01-10,Aerolineas Argentinas,15:40,18:05,751
2026-09-28,ida,2027-01-10,LATAM,09:25,11:41,781
2026-09-28,ida,2027-01-10,Aerolineas Argentinas,07:00,09:25,656
2026-09-28,ida,2027-01-10,Aerolineas Argentinas,18:45,21:10,751
2026-09-28,ida,2027-01-10,JetSMART,10:30,12:55,806
2026-09-28,ida,2027-01-10,LATAM,22:30,00:46,981
2026-09-28,ida,2027-01-10,LATAM,15:50,18:06,1127
2026-09-28,ida,2027-01-10,LATAM,21:00,23:16,1319
2026-09-28,ida,2027-01-11,Aerolineas Argentinas,07:00,09:25,541
2026-09-28,ida,2027-01-11,LATAM,21:00,23:16,715
2026-09-28,ida,2027-01-11,Aerolineas Argentinas,12:20,14:45,751
2026-09-28,ida,2027-01-11,LATAM,22:30,00:46,715
2026-09-28,ida,2027-01-11,Aerolineas Argentinas,18:35,21:00,751
2026-09-28,ida,2027-01-11,JetSMART,22:10,00:35,806
2026-09-28,ida,2027-01-11,LATAM,15:50,18:06,873
2026-09-28,ida,2027-01-11,LATAM,09:25,11:41,1972
2026-09-28,ida,2027-01-12,Aerolineas Argentinas,07:00,09:25,541
2026-09-28,ida,2027-01-12,LATAM,09:25,11:41,623
2026-09-28,ida,2027-01-12,JetSMART,12:50,15:12,715
2026-09-28,ida,2027-01-12,JetSMART,22:10,00:35,665
2026-09-28,ida,2027-01-12,JetSMART,05:45,08:07,736
2026-09-28,ida,2027-01-12,Aerolineas Argentinas,18:15,20:40,751
2026-09-28,ida,2027-01-12,LATAM,21:00,23:16,981
2026-09-28,ida,2027-01-12,LATAM,15:50,18:06,1127
2026-09-28,ida,2027-01-12,LATAM,22:30,00:46,1319
2026-09-28,ida,2027-01-13,Aerolineas Argentinas,07:00,09:25,541
2026-09-28,ida,2027-01-13,LATAM,09:25,11:41,590
2026-09-28,ida,2027-01-13,Aerolineas Argentinas,18:35,21:00,656
2026-09-28,ida,2027-01-13,JetSMART,22:10,00:35,677
2026-09-28,ida,2027-01-13,Aerolineas Argentinas,15:20,17:45,751
2026-09-28,ida,2027-01-13,LATAM,15:50,18:06,781
2026-09-28,ida,2027-01-13,LATAM,21:00,23:16,981
2026-09-28,ida,2027-01-13,LATAM,22:30,00:46,981
2026-09-28,ida,2027-01-14,JetSMART,12:50,15:12,677
2026-09-28,ida,2027-01-15,Aerolineas Argentinas,07:00,09:25,656
2026-09-28,ida,2027-01-15,Aerolineas Argentinas,12:00,14:25,656
2026-09-28,ida,2027-01-15,JetSMART,22:10,00:35,665
2026-09-28,ida,2027-01-15,Aerolineas Argentinas,18:35,21:00,751
2026-09-28,ida,2027-01-15,LATAM,15:50,18:06,781
2026-09-28,ida,2027-01-15,LATAM,22:30,00:46,873
2026-09-28,ida,2027-01-15,LATAM,09:25,11:41,981
2026-09-28,ida,2027-01-15,LATAM,21:00,23:16,981
2026-09-28,vuelta,2026-12-08,Aerolineas Argentinas,10:15,12:20,443
2026-09-28,vuelta,2026-12-08,LATAM,12:28,14:40,474
2026-09-28,vuelta,2026-12-08,JetSMART,09:13,11:20,531
2026-09-28,vuelta,2026-12-08,LATAM,19:18,21:30,537
2026-09-28,vuelta,2026-12-08,Aerolineas Argentinas,21:35,23:40,583
2026-09-28,vuelta,2026-12-08,LATAM,17:28,19:40,608
2026-09-28,vuelta,2026-12-08,Aerolineas Argentinas,15:35,17:40,682
2026-09-28,vuelta,2026-12-08,JetSMART,19:13,21:20,1681
2026-09-28,vuelta,2026-12-09,LATAM,19:18,21:30,278
2026-09-28,vuelta,2026-12-09,Aerolineas Argentinas,15:35,17:40,321
2026-09-28,vuelta,2026-12-10,Aerolineas Argentinas,10:15,12:20,267
2026-09-28,vuelta,2026-12-10,Aerolineas Argentinas,15:35,17:40,267
2026-09-28,vuelta,2026-12-10,Aerolineas Argentinas,21:35,23:40,267
2026-09-28,vuelta,2026-12-10,LATAM,17:28,19:40,355
2026-09-28,vuelta,2026-12-10,JetSMART,16:13,18:20,391
2026-09-28,vuelta,2026-12-10,JetSMART,09:13,11:20,391
2026-09-28,vuelta,2026-12-11,Aerolineas Argentinas,21:50,23:55,267
2026-09-28,vuelta,2026-12-11,Aerolineas Argentinas,15:35,17:40,293
2026-09-28,vuelta,2026-12-11,Aerolineas Argentinas,10:15,12:20,376
2026-09-28,vuelta,2026-12-11,JetSMART,13:23,15:30,382
2026-09-28,vuelta,2026-12-11,JetSMART,09:13,11:20,391
2026-09-28,vuelta,2026-12-11,LATAM,17:28,19:40,832
2026-09-28,vuelta,2026-12-12,LATAM,12:28,14:40,278
2026-09-28,vuelta,2026-12-12,Aerolineas Argentinas,10:15,12:20,293
2026-09-28,vuelta,2026-12-12,Aerolineas Argentinas,18:55,21:00,293
2026-09-28,vuelta,2026-12-12,LATAM,19:18,21:30,328
2026-09-28,vuelta,2026-12-12,JetSMART,09:13,11:20,391
2026-09-28,vuelta,2026-12-12,JetSMART,13:23,15:30,391
2026-09-28,vuelta,2026-12-12,LATAM,17:28,19:40,426
2026-09-28,vuelta,2026-12-13,Aerolineas Argentinas,21:50,23:55,267
2026-09-28,vuelta,2026-12-13,Aerolineas Argentinas,10:15,12:20,293
2026-09-28,vuelta,2026-12-13,Aerolineas Argentinas,15:35,17:40,321
2026-09-28,vuelta,2026-12-13,JetSMART,09:13,11:20,391
2026-09-28,vuelta,2026-12-13,JetSMART,13:23,15:30,418
2026-09-28,vuelta,2026-12-13,LATAM,17:28,19:40,474
2026-09-28,vuelta,2026-12-13,LATAM,12:28,14:40,608
2026-09-28,vuelta,2026-12-14,Aerolineas Argentinas,21:50,23:55,267
2026-09-28,vuelta,2026-12-14,LATAM,17:28,19:40,278
2026-09-28,vuelta,2026-12-14,LATAM,19:18,21:30,278
2026-09-28,vuelta,2026-12-14,Aerolineas Argentinas,10:15,12:20,376
2026-09-28,vuelta,2026-12-14,LATAM,12:28,14:40,388
2026-09-28,vuelta,2026-12-14,JetSMART,21:01,23:05,391
2026-09-28,vuelta,2026-12-14,Aerolineas Argentinas,15:35,17:40,443
2026-09-28,vuelta,2026-12-14,JetSMART,09:13,11:20,462
2026-09-28,vuelta,2026-12-15,Aerolineas Argentinas,15:35,17:40,293
2026-09-28,vuelta,2026-12-15,LATAM,17:28,19:40,355
2026-09-28,vuelta,2026-12-15,Aerolineas Argentinas,10:15,12:20,376
2026-09-28,vuelta,2026-12-15,JetSMART,09:13,11:20,391
2026-09-28,vuelta,2026-12-15,JetSMART,19:13,21:20,391
2026-09-28,vuelta,2026-12-15,LATAM,12:28,14:40,426
2026-09-28,vuelta,2026-12-16,Aerolineas Argentinas,15:35,17:40,267
2026-09-28,vuelta,2026-12-16,Aerolineas Argentinas,21:50,23:55,267
2026-09-28,vuelta,2026-12-16,LATAM,19:18,21:30,278
2026-09-28,vuelta,2026-12-16,LATAM,17:28,19:40,328
2026-09-28,vuelta,2026-12-16,Aerolineas Argentinas,10:15,12:20,376
2026-09-28,vuelta,2026-12-16,JetSMART,09:13,11:20,382
2026-09-28,vuelta,2026-12-16,JetSMART,19:13,21:20,418
2026-09-28,vuelta,2026-12-16,LATAM,12:28,14:40,608
2026-09-28,vuelta,2026-12-17,Aerolineas Argentinas,21:35,23:40,267
2026-09-28,vuelta,2026-12-17,Aerolineas Argentinas,15:35,17:40,293
2026-09-28,vuelta,2026-12-17,LATAM,17:28,19:40,328
2026-09-28,vuelta,2026-12-17,LATAM,19:18,21:30,328
2026-09-28,vuelta,2026-12-17,JetSMART,09:13,11:20,382
2026-09-28,vuelta,2026-12-17,JetSMART,16:13,18:20,382
2026-09-28,vuelta,2026-12-17,LATAM,12:28,14:40,388
2026-09-28,vuelta,2026-12-18,Aerolineas Argentinas,21:50,23:55,267
2026-09-28,vuelta,2026-12-18,Aerolineas Argentinas,15:35,17:40,293
2026-09-28,vuelta,2026-12-18,LATAM,17:28,19:40,328
2026-09-28,vuelta,2026-12-18,Aerolineas Argentinas,10:15,12:20,376
2026-09-28,vuelta,2026-12-18,JetSMART,13:23,15:30,382
2026-09-28,vuelta,2026-12-18,LATAM,19:18,21:30,328
2026-09-28,vuelta,2026-12-18,LATAM,12:28,14:40,608
2026-09-28,vuelta,2026-12-19,Aerolineas Argentinas,10:15,12:20,293
2026-09-28,vuelta,2026-12-19,Aerolineas Argentinas,18:55,21:00,321
2026-09-28,vuelta,2026-12-19,LATAM,12:28,14:40,388
2026-09-28,vuelta,2026-12-19,JetSMART,13:23,15:30,418
2026-09-28,vuelta,2026-12-19,LATAM,17:28,19:40,608
2026-09-28,vuelta,2026-12-20,Aerolineas Argentinas,21:50,23:55,267
2026-09-28,vuelta,2026-12-20,Aerolineas Argentinas,15:35,17:40,293
2026-09-28,vuelta,2026-12-20,LATAM,17:28,19:40,328
2026-09-28,vuelta,2026-12-20,Aerolineas Argentinas,10:15,12:20,321
2026-09-28,vuelta,2026-12-20,LATAM,19:18,21:30,328
2026-09-28,vuelta,2026-12-20,JetSMART,13:23,15:30,382
2026-09-28,vuelta,2026-12-20,JetSMART,09:13,11:20,391
2026-09-28,vuelta,2026-12-20,LATAM,12:28,14:40,608
2026-09-28,vuelta,2026-12-21,Aerolineas Argentinas,21:50,23:55,267
2026-09-28,vuelta,2026-12-21,Aerolineas Argentinas,15:35,17:40,293
2026-09-28,vuelta,2026-12-21,Aerolineas Argentinas,10:15,12:20,321
2026-09-28,vuelta,2026-12-21,LATAM,17:28,19:40,355
2026-09-28,vuelta,2026-12-21,LATAM,12:28,14:40,388
2026-09-28,vuelta,2026-12-21,JetSMART,09:13,11:20,391
2026-09-28,vuelta,2026-12-21,JetSMART,19:13,21:20,432
2026-09-28,vuelta,2026-12-22,Aerolineas Argentinas,21:35,23:40,293
2026-09-28,vuelta,2026-12-22,Aerolineas Argentinas,15:35,17:40,321
2026-09-28,vuelta,2026-12-22,LATAM,17:28,19:40,328
2026-09-28,vuelta,2026-12-22,LATAM,19:18,21:30,328
2026-09-28,vuelta,2026-12-22,JetSMART,09:13,11:20,391
2026-09-28,vuelta,2026-12-22,JetSMART,19:13,21:20,432
2026-09-28,vuelta,2026-12-22,Aerolineas Argentinas,10:15,12:20,512
2026-09-28,vuelta,2026-12-22,LATAM,12:28,14:40,608
2026-09-28,vuelta,2026-12-23,LATAM,17:28,19:40,278
2026-09-28,vuelta,2026-12-23,Aerolineas Argentinas,15:35,17:40,293
2026-09-28,vuelta,2026-12-23,Aerolineas Argentinas,21:50,23:55,376
2026-09-28,vuelta,2026-12-23,JetSMART,09:13,11:20,391
2026-09-28,vuelta,2026-12-23,Aerolineas Argentinas,10:15,12:20,443
2026-09-28,vuelta,2026-12-24,Aerolineas Argentinas,10:15,12:20,267
2026-09-28,vuelta,2026-12-24,LATAM,17:28,19:40,278
2026-09-28,vuelta,2026-12-24,Aerolineas Argentinas,15:35,17:40,293
2026-09-28,vuelta,2026-12-24,LATAM,12:28,14:40,355
2026-09-28,vuelta,2026-12-24,JetSMART,09:13,11:20,382
2026-09-28,vuelta,2026-12-24,JetSMART,16:13,18:20,382
2026-09-28,vuelta,2026-12-25,Aerolineas Argentinas,21:50,23:55,267
2026-09-28,vuelta,2026-12-25,LATAM,17:28,19:40,328
2026-09-28,vuelta,2026-12-25,LATAM,12:28,14:40,355
2026-09-28,vuelta,2026-12-26,Aerolineas Argentinas,18:55,21:00,293
2026-09-28,vuelta,2026-12-26,LATAM,17:28,19:40,355
2026-09-28,vuelta,2026-12-26,JetSMART,13:23,15:30,391
2026-09-28,vuelta,2026-12-26,LATAM,19:18,21:30,328
2026-09-28,vuelta,2026-12-26,JetSMART,09:13,11:20,391
2026-09-28,vuelta,2026-12-26,LATAM,12:28,14:40,426
2026-09-28,vuelta,2026-12-26,Aerolineas Argentinas,10:15,12:20,443
2026-09-28,vuelta,2026-12-27,LATAM,12:28,14:40,328
2026-09-28,vuelta,2026-12-27,LATAM,17:28,19:40,328
2026-09-28,vuelta,2026-12-27,LATAM,19:18,21:30,328
2026-09-28,vuelta,2026-12-27,Aerolineas Argentinas,10:15,12:20,376
2026-09-28,vuelta,2026-12-27,Aerolineas Argentinas,21:50,23:55,376
2026-09-28,vuelta,2026-12-27,JetSMART,09:13,11:20,418
2026-09-28,vuelta,2026-12-27,JetSMART,13:23,15:30,418
2026-09-28,vuelta,2026-12-27,Aerolineas Argentinas,15:35,17:40,443
2026-09-28,vuelta,2026-12-28,Aerolineas Argentinas,15:35,17:40,267
2026-09-28,vuelta,2026-12-28,LATAM,17:28,19:40,278
2026-09-28,vuelta,2026-12-28,Aerolineas Argentinas,10:15,12:20,321
2026-09-28,vuelta,2026-12-28,Aerolineas Argentinas,21:50,23:55,267
2026-09-28,vuelta,2026-12-28,LATAM,19:18,21:30,278
2026-09-28,vuelta,2026-12-28,LATAM,12:28,14:40,328
2026-09-28,vuelta,2026-12-28,JetSMART,09:13,11:20,432
2026-09-28,vuelta,2026-12-29,Aerolineas Argentinas,21:35,23:40,267
2026-09-28,vuelta,2026-12-29,LATAM,19:18,21:30,278
2026-09-28,vuelta,2026-12-29,Aerolineas Argentinas,10:15,12:20,376
2026-09-28,vuelta,2026-12-29,LATAM,12:28,14:40,328
2026-09-28,vuelta,2026-12-29,LATAM,17:28,19:40,328
2026-09-28,vuelta,2026-12-29,Aerolineas Argentinas,15:35,17:40,376
2026-09-28,vuelta,2026-12-29,JetSMART,19:13,21:20,391
2026-09-28,vuelta,2026-12-29,JetSMART,09:13,11:20,462
2026-09-28,vuelta,2026-12-30,Aerolineas Argentinas,15:35,17:40,293
2026-09-28,vuelta,2026-12-30,Aerolineas Argentinas,21:50,23:55,293
2026-09-28,vuelta,2026-12-30,LATAM,17:28,19:40,355
2026-09-28,vuelta,2026-12-30,Aerolineas Argentinas,10:15,12:20,376
2026-09-28,vuelta,2026-12-30,JetSMART,09:13,11:20,391
2026-09-28,vuelta,2026-12-30,LATAM,12:28,14:40,537
2026-09-28,vuelta,2026-12-31,LATAM,12:28,14:40,278
2026-09-28,vuelta,2026-12-31,LATAM,17:28,19:40,278
2026-09-28,vuelta,2026-12-31,Aerolineas Argentinas,10:15,12:20,376
2026-09-28,vuelta,2026-12-31,LATAM,19:18,21:30,278
2026-09-28,vuelta,2026-12-31,Aerolineas Argentinas,15:35,17:40,376
2026-09-28,vuelta,2026-12-31,JetSMART,16:13,18:20,382
2026-09-28,vuelta,2026-12-31,JetSMART,09:13,11:20,391
2026-09-28,vuelta,2027-01-01,Aerolineas Argentinas,21:50,23:55,267
2026-09-28,vuelta,2027-01-01,Aerolineas Argentinas,10:15,12:20,293
2026-09-28,vuelta,2027-01-01,Aerolineas Argentinas,15:35,17:40,321
2026-09-28,vuelta,2027-01-01,LATAM,17:28,19:40,328
2026-09-28,vuelta,2027-01-01,JetSMART,19:15,21:20,313
2026-09-28,vuelta,2027-01-01,LATAM,19:18,21:30,328
2026-09-28,vuelta,2027-01-01,LATAM,12:28,14:40,355
2026-09-28,vuelta,2027-01-02,LATAM,12:28,14:40,355
2026-09-28,vuelta,2027-01-02,LATAM,17:28,19:40,355
2026-09-28,vuelta,2027-01-02,LATAM,19:18,21:30,355
2026-09-28,vuelta,2027-01-02,Aerolineas Argentinas,18:55,21:00,376
2026-09-28,vuelta,2027-01-02,Aerolineas Argentinas,10:15,12:20,443
2026-09-28,vuelta,2027-01-02,JetSMART,07:25,09:30,391
2026-09-28,vuelta,2027-01-02,JetSMART,19:15,21:20,418
2026-09-28,vuelta,2027-01-03,Aerolineas Argentinas,22:00,00:05,321
2026-09-28,vuelta,2027-01-03,LATAM,12:28,14:40,388
2026-09-28,vuelta,2027-01-03,Aerolineas Argentinas,10:15,12:20,443
2026-09-28,vuelta,2027-01-03,JetSMART,07:25,09:30,418
2026-09-28,vuelta,2027-01-03,LATAM,19:18,21:30,474
2026-09-28,vuelta,2027-01-03,Aerolineas Argentinas,18:55,21:00,512
2026-09-28,vuelta,2027-01-03,JetSMART,19:15,21:20,563
2026-09-28,vuelta,2027-01-04,Aerolineas Argentinas,10:15,12:20,293
2026-09-28,vuelta,2027-01-04,LATAM,17:28,19:40,328
2026-09-28,vuelta,2027-01-04,JetSMART,19:15,21:20,418
2026-09-28,vuelta,2027-01-04,Aerolineas Argentinas,21:50,23:55,293
2026-09-28,vuelta,2027-01-04,LATAM,19:18,21:30,328
2026-09-28,vuelta,2027-01-04,Aerolineas Argentinas,15:35,17:40,376
2026-09-28,vuelta,2027-01-04,LATAM,12:28,14:40,1004
2026-09-28,vuelta,2027-01-05,Aerolineas Argentinas,21:50,23:55,293
2026-09-28,vuelta,2027-01-05,LATAM,19:18,21:30,328
2026-09-28,vuelta,2027-01-05,JetSMART,19:15,21:20,382
2026-09-28,vuelta,2027-01-05,Aerolineas Argentinas,10:15,12:20,376
2026-09-28,vuelta,2027-01-05,LATAM,12:28,14:40,388
2026-09-28,vuelta,2027-01-05,JetSMART,09:13,11:20,432
2026-09-28,vuelta,2027-01-05,LATAM,17:28,19:40,608
2026-09-28,vuelta,2027-01-05,JetSMART,16:13,18:20,1448
2026-09-28,vuelta,2027-01-06,Aerolineas Argentinas,18:55,21:00,267
2026-09-28,vuelta,2027-01-06,Aerolineas Argentinas,21:50,23:55,267
2026-09-28,vuelta,2027-01-06,LATAM,17:28,19:40,328
2026-09-28,vuelta,2027-01-06,LATAM,19:18,21:30,328
2026-09-28,vuelta,2027-01-06,JetSMART,19:15,21:20,391
2026-09-28,vuelta,2027-01-06,Aerolineas Argentinas,10:15,12:20,443
2026-09-28,vuelta,2027-01-06,LATAM,12:28,14:40,703
2026-09-28,vuelta,2027-01-07,Aerolineas Argentinas,21:50,23:55,267
2026-09-28,vuelta,2027-01-07,LATAM,17:28,19:40,278
2026-09-28,vuelta,2027-01-07,JetSMART,16:13,18:20,286
2026-09-28,vuelta,2027-01-07,JetSMART,19:15,21:20,313
2026-09-28,vuelta,2027-01-07,LATAM,12:28,14:40,328
2026-09-28,vuelta,2027-01-07,LATAM,19:18,21:30,328
2026-09-28,vuelta,2027-01-07,Aerolineas Argentinas,10:15,12:20,376
2026-09-28,vuelta,2027-01-07,JetSMART,09:13,11:20,382
2026-09-28,vuelta,2027-01-07,JetSMART,07:25,09:30,432
2026-09-28,vuelta,2027-01-08,Aerolineas Argentinas,15:35,17:40,293
2026-09-28,vuelta,2027-01-08,Aerolineas Argentinas,21:50,23:55,293
2026-09-28,vuelta,2027-01-08,LATAM,17:28,19:40,328
2026-09-28,vuelta,2027-01-08,LATAM,12:28,14:40,355
2026-09-28,vuelta,2027-01-08,Aerolineas Argentinas,10:15,12:20,376
2026-09-28,vuelta,2027-01-08,LATAM,19:18,21:30,355
2026-09-28,vuelta,2027-01-08,JetSMART,19:15,21:20,418
2026-09-28,vuelta,2027-01-09,LATAM,17:28,19:40,278
2026-09-28,vuelta,2027-01-09,Aerolineas Argentinas,10:15,12:20,293
2026-09-28,vuelta,2027-01-09,LATAM,12:28,14:40,328
2026-09-28,vuelta,2027-01-09,LATAM,19:18,21:30,328
2026-09-28,vuelta,2027-01-09,JetSMART,07:25,09:30,391
2026-09-28,vuelta,2027-01-09,JetSMART,19:15,21:20,418
2026-09-28,vuelta,2027-01-09,Aerolineas Argentinas,18:55,21:00,443
2026-09-28,vuelta,2027-01-10,Aerolineas Argentinas,18:55,21:00,293
2026-09-28,vuelta,2027-01-10,Aerolineas Argentinas,22:00,00:05,293
2026-09-28,vuelta,2027-01-10,LATAM,17:28,19:40,355
2026-09-28,vuelta,2027-01-10,Aerolineas Argentinas,10:15,12:20,376
2026-09-28,vuelta,2027-01-10,JetSMART,07:25,09:30,418
2026-09-28,vuelta,2027-01-10,LATAM,19:18,21:30,474
2026-09-28,vuelta,2027-01-10,LATAM,12:28,14:40,537
2026-09-28,vuelta,2027-01-10,JetSMART,19:15,21:20,563
2026-09-28,vuelta,2027-01-11,LATAM,19:18,21:30,355
2026-09-28,vuelta,2027-01-11,Aerolineas Argentinas,10:15,12:20,376
2026-09-28,vuelta,2027-01-11,JetSMART,19:15,21:20,418
2026-09-28,vuelta,2027-01-11,Aerolineas Argentinas,21:50,23:55,376
2026-09-28,vuelta,2027-01-11,LATAM,17:28,19:40,426
2026-09-28,vuelta,2027-01-11,Aerolineas Argentinas,15:35,17:40,443
2026-09-28,vuelta,2027-01-11,LATAM,12:28,14:40,832
2026-09-28,vuelta,2027-01-12,LATAM,17:28,19:40,355
2026-09-28,vuelta,2027-01-12,LATAM,19:18,21:30,355
2026-09-28,vuelta,2027-01-12,Aerolineas Argentinas,21:50,23:55,376
2026-09-28,vuelta,2027-01-12,JetSMART,19:15,21:20,382
2026-09-28,vuelta,2027-01-12,JetSMART,09:13,11:20,391
2026-09-28,vuelta,2027-01-12,Aerolineas Argentinas,10:15,12:20,583
2026-09-28,vuelta,2027-01-12,LATAM,12:28,14:40,608
2026-09-28,vuelta,2027-01-12,JetSMART,16:13,18:20,1448
2026-09-28,vuelta,2027-01-13,Aerolineas Argentinas,21:50,23:55,267
2026-09-28,vuelta,2027-01-13,Aerolineas Argentinas,18:55,21:00,293
2026-09-28,vuelta,2027-01-13,LATAM,19:18,21:30,328
2026-09-28,vuelta,2027-01-13,JetSMART,19:15,21:20,391
2026-09-28,vuelta,2027-01-13,LATAM,17:28,19:40,426
2026-09-28,vuelta,2027-01-13,Aerolineas Argentinas,10:15,12:20,443
2026-09-28,vuelta,2027-01-13,LATAM,12:28,14:40,537
2026-09-28,vuelta,2027-01-14,Aerolineas Argentinas,10:15,12:20,376
2026-09-28,vuelta,2027-01-14,JetSMART,16:13,18:20,382
2026-09-28,vuelta,2027-01-14,LATAM,17:28,19:40,474
2026-09-28,vuelta,2027-01-14,Aerolineas Argentinas,21:50,23:55,376
2026-09-28,vuelta,2027-01-14,JetSMART,07:25,09:30,382
2026-09-28,vuelta,2027-01-14,JetSMART,09:13,11:20,382
2026-09-28,vuelta,2027-01-14,JetSMART,19:15,21:20,382
2026-09-28,vuelta,2027-01-14,LATAM,12:28,14:40,1263
2026-09-28,vuelta,2027-01-15,LATAM,19:18,21:30,355
2026-09-28,vuelta,2027-01-15,Aerolineas Argentinas,10:15,12:20,376
2026-09-28,vuelta,2027-01-15,Aerolineas Argentinas,15:35,17:40,376
2026-09-28,vuelta,2027-01-15,Aerolineas Argentinas,21:50,23:55,376
2026-09-28,vuelta,2027-01-15,JetSMART,19:15,21:20,391
2026-09-28,vuelta,2027-01-15,LATAM,17:28,19:40,832
2026-09-28,vuelta,2027-01-15,LATAM,12:28,14:40,1004
2026-09-28,vuelta,2027-01-16,Aerolineas Argentinas,18:55,21:00,293
2026-09-28,vuelta,2027-01-16,Aerolineas Argentinas,10:15,12:20,376
2026-09-28,vuelta,2027-01-16,JetSMART,07:25,09:30,462
2026-09-28,vuelta,2027-01-16,LATAM,19:18,21:30,474
2026-09-28,vuelta,2027-01-16,JetSMART,19:15,21:20,483
2026-09-28,vuelta,2027-01-16,LATAM,17:28,19:40,608
2026-09-28,vuelta,2027-01-17,Aerolineas Argentinas,18:55,21:00,293
2026-09-28,vuelta,2027-01-17,Aerolineas Argentinas,22:00,00:05,293
2026-09-28,vuelta,2027-01-17,LATAM,17:28,19:40,355
2026-09-28,vuelta,2027-01-17,Aerolineas Argentinas,10:15,12:20,376
2026-09-28,vuelta,2027-01-17,LATAM,19:18,21:30,426
2026-09-28,vuelta,2027-01-17,JetSMART,19:15,21:20,531
2026-09-28,vuelta,2027-01-17,LATAM,12:28,14:40,1263
2026-09-28,vuelta,2027-01-18,Aerolineas Argentinas,21:50,23:55,293
2026-09-28,vuelta,2027-01-18,Aerolineas Argentinas,15:35,17:40,376
2026-09-28,vuelta,2027-01-18,JetSMART,19:15,21:20,391
2026-09-28,vuelta,2027-01-18,LATAM,17:28,19:40,426
2026-09-28,vuelta,2027-01-18,Aerolineas Argentinas,10:15,12:20,443
2026-09-28,vuelta,2027-01-18,LATAM,19:18,21:30,426
2026-09-28,vuelta,2027-01-19,Aerolineas Argentinas,21:50,23:55,293
2026-09-28,vuelta,2027-01-19,LATAM,19:18,21:30,355
2026-09-28,vuelta,2027-01-19,JetSMART,09:13,11:20,391
2026-09-28,vuelta,2027-01-19,JetSMART,19:15,21:20,418
2026-09-28,vuelta,2027-01-19,Aerolineas Argentinas,10:15,12:20,443
2026-09-28,vuelta,2027-01-19,LATAM,12:28,14:40,474
2026-09-28,vuelta,2027-01-19,LATAM,17:28,19:40,608
2026-09-28,vuelta,2027-01-19,JetSMART,16:13,18:20,1448
2026-09-28,vuelta,2027-01-20,Aerolineas Argentinas,21:50,23:55,267
2026-09-28,vuelta,2027-01-20,Aerolineas Argentinas,18:55,21:00,293
2026-09-28,vuelta,2027-01-20,LATAM,19:18,21:30,328
2026-09-28,vuelta,2027-01-20,Aerolineas Argentinas,10:15,12:20,376
2026-09-28,vuelta,2027-01-20,JetSMART,19:15,21:20,391
2026-09-28,vuelta,2027-01-20,LATAM,12:28,14:40,703
2026-09-28,vuelta,2027-01-21,Aerolineas Argentinas,10:15,12:20,267
2026-09-28,vuelta,2027-01-21,Aerolineas Argentinas,21:50,23:55,267
2026-09-28,vuelta,2027-01-21,LATAM,19:18,21:30,328
2026-09-28,vuelta,2027-01-21,JetSMART,16:13,18:20,382
2026-09-28,vuelta,2027-01-22,Aerolineas Argentinas,10:15,12:20,376
2026-09-28,vuelta,2027-01-22,Aerolineas Argentinas,15:35,17:40,376
2026-09-28,vuelta,2027-01-22,JetSMART,19:15,21:20,418
2026-09-28,vuelta,2027-01-22,LATAM,12:28,14:40,1263
2026-09-28,vuelta,2027-01-22,LATAM,19:18,21:30,1263
2026-09-28,vuelta,2027-01-22,LATAM,17:28,19:40,1615
2026-09-28,vuelta,2027-01-23,Aerolineas Argentinas,18:55,21:00,376
2026-09-28,vuelta,2027-01-23,JetSMART,19:15,21:20,391
2026-09-28,vuelta,2027-01-23,Aerolineas Argentinas,10:15,12:20,512
2026-09-28,vuelta,2027-01-23,LATAM,12:28,14:40,537
2026-09-28,vuelta,2027-01-23,JetSMART,07:25,09:30,432
2026-09-28,vuelta,2027-01-23,LATAM,17:28,19:40,608
2026-09-28,vuelta,2027-01-23,LATAM,19:18,21:30,608
2026-09-28,vuelta,2027-01-24,Aerolineas Argentinas,10:15,12:20,376
2026-09-28,vuelta,2027-01-24,Aerolineas Argentinas,18:55,21:00,376
2026-09-28,vuelta,2027-01-24,JetSMART,07:25,09:30,391
2026-09-28,vuelta,2027-01-24,LATAM,19:18,21:30,474
2026-09-28,vuelta,2027-01-24,JetSMART,19:15,21:20,507
2026-09-28,vuelta,2027-01-24,LATAM,17:28,19:40,608
2026-09-28,vuelta,2027-01-24,LATAM,12:28,14:40,832
2026-09-28,vuelta,2027-01-25,Aerolineas Argentinas,21:50,23:55,293
2026-09-28,vuelta,2027-01-25,Aerolineas Argentinas,15:35,17:40,376
2026-09-28,vuelta,2027-01-25,LATAM,19:18,21:30,388
2026-09-28,vuelta,2027-01-25,JetSMART,19:15,21:20,391
2026-09-28,vuelta,2027-01-25,Aerolineas Argentinas,10:15,12:20,443
2026-09-28,vuelta,2027-01-25,LATAM,17:28,19:40,537
2026-09-28,vuelta,2027-01-26,Aerolineas Argentinas,21:50,23:55,293
2026-09-28,vuelta,2027-01-26,Aerolineas Argentinas,10:15,12:20,376
2026-09-28,vuelta,2027-01-26,JetSMART,09:13,11:20,382
2026-09-28,vuelta,2027-01-26,JetSMART,19:15,21:20,382
2026-09-28,vuelta,2027-01-26,LATAM,17:28,19:40,832
2026-09-28,vuelta,2027-01-26,LATAM,12:28,14:40,1263
2026-09-28,vuelta,2027-01-26,JetSMART,16:13,18:20,1448
2026-09-28,vuelta,2027-01-27,Aerolineas Argentinas,18:55,21:00,267
2026-09-28,vuelta,2027-01-27,Aerolineas Argentinas,21:50,23:55,267
2026-09-28,vuelta,2027-01-27,Aerolineas Argentinas,10:15,12:20,376
2026-09-28,vuelta,2027-01-27,JetSMART,19:15,21:20,391
2026-09-28,vuelta,2027-01-27,LATAM,19:18,21:30,537
2026-09-28,vuelta,2027-01-28,Aerolineas Argentinas,10:15,12:20,321
2026-09-28,vuelta,2027-01-28,JetSMART,07:25,09:30,286
2026-09-28,vuelta,2027-01-28,Aerolineas Argentinas,21:50,23:55,293
2026-09-28,vuelta,2027-01-28,LATAM,19:18,21:30,355
2026-09-28,vuelta,2027-01-29,Aerolineas Argentinas,21:50,23:55,267
2026-09-28,vuelta,2027-01-29,Aerolineas Argentinas,15:35,17:40,376
2026-09-28,vuelta,2027-01-29,JetSMART,19:15,21:20,391
2026-09-28,vuelta,2027-01-29,Aerolineas Argentinas,10:15,12:20,443
2026-09-28,vuelta,2027-01-29,LATAM,19:18,21:30,474
2026-09-28,vuelta,2027-01-29,LATAM,17:28,19:40,832
2026-09-28,vuelta,2027-01-29,LATAM,12:28,14:40,1263
2026-09-28,vuelta,2027-01-30,Aerolineas Argentinas,10:15,12:20,293
2026-09-28,vuelta,2027-01-30,Aerolineas Argentinas,18:55,21:00,293
2026-09-28,vuelta,2027-01-30,JetSMART,07:25,09:30,391
2026-09-28,vuelta,2027-01-30,JetSMART,19:15,21:20,418
2026-09-28,vuelta,2027-01-31,Aerolineas Argentinas,18:55,21:00,293
2026-09-28,vuelta,2027-01-31,Aerolineas Argentinas,22:00,00:05,293
2026-09-28,vuelta,2027-01-31,Aerolineas Argentinas,10:15,12:20,376
2026-09-28,vuelta,2027-01-31,JetSMART,19:15,21:20,418
2026-09-28,vuelta,2027-01-31,JetSMART,07:25,09:30,418
2026-09-28,vuelta,2027-01-31,LATAM,19:18,21:30,608
2026-09-28,vuelta,2027-01-31,LATAM,12:28,14:40,832
2026-09-28,vuelta,2027-01-31,LATAM,17:28,19:40,1004
2026-09-29,ida,2026-12-14,JetSMART,23:55,02:17,531
2026-09-29,ida,2026-12-14,Aerolineas Argentinas,18:35,21:00,541
2026-09-29,ida,2026-12-14,LATAM,15:50,18:06,590
2026-09-29,ida,2026-12-14,Aerolineas Argentinas,07:00,09:25,504
2026-09-29,ida,2026-12-14,LATAM,22:30,00:46,519
2026-09-29,ida,2026-12-14,LATAM,09:25,11:41,590
2026-09-29,ida,2026-12-14,LATAM,21:00,23:16,590
2026-09-29,ida,2026-12-14,JetSMART,05:40,08:02,665
2026-09-29,ida,2026-12-14,Aerolineas Argentinas,12:20,14:45,751
2026-09-29,ida,2026-12-15,Aerolineas Argentinas,17:55,20:20,504
2026-09-29,ida,2026-12-15,LATAM,09:25,11:41,519
2026-09-29,ida,2026-12-15,LATAM,21:00,23:16,519
2026-09-29,ida,2026-12-15,Aerolineas Argentinas,12:20,14:45,580
2026-09-29,ida,2026-12-15,LATAM,15:50,18:06,590
2026-09-29,ida,2026-12-15,Aerolineas Argentinas,07:00,09:25,504
2026-09-29,ida,2026-12-15,JetSMART,05:45,08:07,665
2026-09-29,ida,2026-12-15,JetSMART,22:10,00:32,665
2026-09-29,ida,2026-12-16,Aerolineas Argentinas,12:20,14:45,504
2026-09-29,ida,2026-12-16,Aerolineas Argentinas,18:35,21:00,504
2026-09-29,ida,2026-12-16,LATAM,15:50,18:06,519
2026-09-29,ida,2026-12-16,Aerolineas Argentinas,07:00,09:25,504
2026-09-29,ida,2026-12-16,LATAM,09:25,11:41,519
2026-09-29,ida,2026-12-16,LATAM,21:00,23:16,519
2026-09-29,ida,2026-12-16,LATAM,22:30,00:46,519
2026-09-29,ida,2026-12-16,JetSMART,22:10,00:32,665
2026-09-29,ida,2026-12-16,JetSMART,05:45,08:07,677
2026-09-29,ida,2026-12-17,Aerolineas Argentinas,12:20,14:45,504
2026-09-29,ida,2026-12-17,Aerolineas Argentinas,17:55,20:20,504
2026-09-29,ida,2026-12-17,LATAM,15:50,18:06,519
2026-09-29,ida,2026-12-17,Aerolineas Argentinas,07:00,09:25,504
2026-09-29,ida,2026-12-17,LATAM,09:25,11:41,519
2026-09-29,ida,2026-12-17,LATAM,22:30,00:46,519
2026-09-29,ida,2026-12-17,JetSMART,12:20,14:42,677
2026-09-29,ida,2026-12-17,JetSMART,05:20,07:42,777
2026-09-29,ida,2026-12-18,LATAM,09:25,11:41,519
2026-09-29,ida,2026-12-18,LATAM,15:50,18:06,519
2026-09-29,ida,2026-12-18,Aerolineas Argentinas,12:20,14:45,541
2026-09-29,ida,2026-12-18,Aerolineas Argentinas,18:35,21:00,541
2026-09-29,ida,2026-12-18,JetSMART,16:30,18:52,715
2026-09-29,ida,2026-12-18,Aerolineas Argentinas,07:00,09:25,504
2026-09-29,ida,2026-12-18,LATAM,22:30,00:46,519
2026-09-29,ida,2026-12-18,LATAM,21:00,23:16,590
2026-09-29,ida,2026-12-18,JetSMART,05:45,08:07,1035
2026-09-29,ida,2026-12-19,Aerolineas Argentinas,07:00,09:25,580
2026-09-29,ida,2026-12-19,LATAM,15:50,18:06,590
2026-09-29,ida,2026-12-19,JetSMART,16:30,18:52,777
2026-09-29,ida,2026-12-19,Aerolineas Argentinas,15:40,18:05,946
2026-09-29,ida,2026-12-19,LATAM,21:00,23:16,1685
2026-09-29,ida,2026-12-20,LATAM,22:30,00:46,590
2026-09-29,ida,2026-12-20,Aerolineas Argentinas,12:20,14:45,656
2026-09-29,ida,2026-12-20,Aerolineas Argentinas,18:35,21:00,656
2026-09-29,ida,2026-12-20,Aerolineas Argentinas,07:00,09:25,580
2026-09-29,ida,2026-12-20,LATAM,09:25,11:41,631
2026-09-29,ida,2026-12-20,JetSMART,05:45,08:07,677
2026-09-29,ida,2026-12-20,LATAM,21:00,23:16,690
2026-09-29,ida,2026-12-20,JetSMART,16:30,18:52,806
2026-09-29,ida,2026-12-20,LATAM,15:50,18:06,1227
2026-09-29,ida,2026-12-21,Aerolineas Argentinas,18:35,21:00,541
2026-09-29,ida,2026-12-21,Aerolineas Argentinas,12:20,14:45,580
2026-09-29,ida,2026-12-21,LATAM,15:50,18:06,631
2026-09-29,ida,2026-12-21,Aerolineas Argentinas,07:00,09:25,541
2026-09-29,ida,2026-12-21,LATAM,09:25,11:41,590
2026-09-29,ida,2026-12-21,JetSMART,05:40,08:02,665
2026-09-29,ida,2026-12-21,JetSMART,22:10,00:32,677
2026-09-29,ida,2026-12-21,LATAM,21:00,23:16,1073
2026-09-29,ida,2026-12-22,LATAM,21:00,23:16,519
2026-09-29,ida,2026-12-22,LATAM,15:50,18:06,590
2026-09-29,ida,2026-12-22,Aerolineas Argentinas,12:20,14:45,656
2026-09-29,ida,2026-12-22,Aerolineas Argentinas,07:00,09:25,504
2026-09-29,ida,2026-12-22,LATAM,22:30,00:46,519
2026-09-29,ida,2026-12-22,LATAM,09:25,11:41,590
2026-09-29,ida,2026-12-22,JetSMART,05:45,08:07,665
2026-09-29,ida,2026-12-22,JetSMART,22:10,00:32,677
2026-09-29,ida,2026-12-22,Aerolineas Argentinas,17:55,20:20,846
2026-09-29,vuelta,2027-01-22,Aerolineas Argentinas,21:50,23:55,266
2026-09-29,vuelta,2027-01-22,Aerolineas Argentinas,10:15,12:20,374
2026-09-29,vuelta,2027-01-22,Aerolineas Argentinas,15:35,17:40,374
2026-09-29,vuelta,2027-01-22,JetSMART,19:15,21:20,416
2026-09-29,vuelta,2027-01-22,LATAM,19:18,21:30,1087
2026-09-29,vuelta,2027-01-22,LATAM,12:28,14:40,1366
2026-09-29,vuelta,2027-01-23,Aerolineas Argentinas,18:55,21:00,374
2026-09-29,vuelta,2027-01-23,JetSMART,19:15,21:20,389
2026-09-29,vuelta,2027-01-23,JetSMART,07:25,09:30,431
2026-09-29,vuelta,2027-01-23,Aerolineas Argentinas,10:15,12:20,510
2026-09-29,vuelta,2027-01-23,LATAM,17:28,19:40,576
2026-09-29,vuelta,2027-01-23,LATAM,19:18,21:30,659
2026-09-29,vuelta,2027-01-24,Aerolineas Argentinas,22:00,00:05,292
2026-09-29,vuelta,2027-01-24,Aerolineas Argentinas,10:15,12:20,374
2026-09-29,vuelta,2027-01-24,Aerolineas Argentinas,18:55,21:00,374
2026-09-29,vuelta,2027-01-24,JetSMART,07:25,09:30,389
2026-09-29,vuelta,2027-01-24,LATAM,19:18,21:30,449
2026-09-29,vuelta,2027-01-24,LATAM,17:28,19:40,659
2026-09-29,vuelta,2027-01-24,LATAM,12:28,14:40,769
2026-09-29,vuelta,2027-01-25,Aerolineas Argentinas,21:50,23:55,292
2026-09-29,vuelta,2027-01-25,Aerolineas Argentinas,15:35,17:40,374
2026-09-29,vuelta,2027-01-25,JetSMART,19:15,21:20,389
2026-09-29,vuelta,2027-01-25,LATAM,19:18,21:30,401
2026-09-29,vuelta,2027-01-25,Aerolineas Argentinas,10:15,12:20,442
2026-09-29,vuelta,2027-01-25,LATAM,17:28,19:40,576
2026-09-29,vuelta,2027-01-25,LATAM,12:28,14:40,769
2026-09-29,vuelta,2027-01-26,Aerolineas Argentinas,21:50,23:55,292
2026-09-29,vuelta,2027-01-26,JetSMART,09:13,11:20,380
2026-09-29,vuelta,2027-01-26,JetSMART,19:15,21:20,380
2026-09-29,vuelta,2027-01-26,Aerolineas Argentinas,10:15,12:20,442
2026-09-29,vuelta,2027-01-26,LATAM,19:18,21:30,449
2026-09-29,vuelta,2027-01-26,LATAM,17:28,19:40,903
2026-09-29,vuelta,2027-01-26,LATAM,12:28,14:40,1087
2026-09-29,vuelta,2027-01-26,JetSMART,16:13,18:20,1443
2026-09-29,vuelta,2027-01-27,Aerolineas Argentinas,18:55,21:00,266
2026-09-29,vuelta,2027-01-27,Aerolineas Argentinas,21:50,23:55,266
2026-09-29,vuelta,2027-01-27,Aerolineas Argentinas,10:15,12:20,374
2026-09-29,vuelta,2027-01-27,JetSMART,19:15,21:20,389
2026-09-29,vuelta,2027-01-27,LATAM,19:18,21:30,508
2026-09-29,vuelta,2027-01-27,LATAM,17:28,19:40,659
2026-09-29,vuelta,2027-01-27,LATAM,12:28,14:40,1087
2026-09-29,vuelta,2027-01-28,JetSMART,16:13,18:20,312
2026-09-29,vuelta,2027-01-28,Aerolineas Argentinas,10:15,12:20,320
2026-09-29,vuelta,2027-01-28,LATAM,19:18,21:30,360
2026-09-29,vuelta,2027-01-28,Aerolineas Argentinas,21:50,23:55,292
2026-09-29,vuelta,2027-01-28,JetSMART,09:13,11:20,380
2026-09-29,vuelta,2027-01-28,JetSMART,19:15,21:20,380
2026-09-29,vuelta,2027-01-28,LATAM,17:28,19:40,508
2026-09-29,vuelta,2027-01-28,LATAM,12:28,14:40,1366
2026-09-29,vuelta,2027-01-29,Aerolineas Argentinas,21:50,23:55,266
2026-09-29,vuelta,2027-01-29,Aerolineas Argentinas,15:35,17:40,374
2026-09-29,vuelta,2027-01-29,JetSMART,19:15,21:20,389
2026-09-29,vuelta,2027-01-29,Aerolineas Argentinas,10:15,12:20,442
2026-09-29,vuelta,2027-01-29,LATAM,19:18,21:30,508
2026-09-29,vuelta,2027-01-29,LATAM,17:28,19:40,769
2026-09-29,vuelta,2027-01-29,LATAM,12:28,14:40,1087
2026-09-29,vuelta,2027-01-30,Aerolineas Argentinas,10:15,12:20,292
2026-09-29,vuelta,2027-01-30,Aerolineas Argentinas,18:55,21:00,374
2026-09-29,vuelta,2027-01-30,JetSMART,07:25,09:30,389
2026-09-29,vuelta,2027-01-30,JetSMART,19:15,21:20,416
2026-09-29,vuelta,2027-01-30,LATAM,19:18,21:30,508
2026-09-29,vuelta,2027-01-30,LATAM,17:28,19:40,769
2026-09-29,vuelta,2027-01-30,LATAM,12:28,14:40,903
2026-09-29,vuelta,2027-01-31,Aerolineas Argentinas,22:00,00:05,292
2026-09-29,vuelta,2027-01-31,Aerolineas Argentinas,10:15,12:20,374
2026-09-29,vuelta,2027-01-31,JetSMART,19:15,21:20,416
2026-09-29,vuelta,2027-01-31,JetSMART,07:25,09:30,416
2026-09-29,vuelta,2027-01-31,LATAM,19:18,21:30,659
2026-09-29,vuelta,2027-01-31,LATAM,12:28,14:40,769
2026-09-29,vuelta,2027-01-31,LATAM,17:28,19:40,903
2026-09-29,vuelta,2027-02-01,Aerolineas Argentinas,21:50,23:55,292
2026-09-29,vuelta,2027-02-01,Aerolineas Argentinas,15:35,17:40,320
2026-09-29,vuelta,2027-02-01,Aerolineas Argentinas,10:15,12:20,374
2026-09-29,vuelta,2027-02-01,JetSMART,16:15,18:20,389
2026-09-29,vuelta,2027-02-01,LATAM,19:18,21:30,449
2026-09-29,vuelta,2027-02-01,JetSMART,19:15,21:20,380
2026-09-29,vuelta,2027-02-01,JetSMART,09:15,11:20,416
2026-09-29,vuelta,2027-02-01,LATAM,17:28,19:40,508
2026-09-29,vuelta,2027-02-01,LATAM,12:28,14:40,1366
2026-09-29,vuelta,2027-02-02,Aerolineas Argentinas,21:50,23:55,266
2026-09-29,vuelta,2027-02-02,Aerolineas Argentinas,10:15,12:20,374
2026-09-29,vuelta,2027-02-02,JetSMART,19:15,21:20,380
2026-09-29,vuelta,2027-02-02,JetSMART,09:15,11:20,416
2026-09-29,vuelta,2027-02-02,LATAM,17:28,19:40,576
2026-09-29,vuelta,2027-02-03,Aerolineas Argentinas,21:50,23:55,266
2026-09-29,vuelta,2027-02-03,Aerolineas Argentinas,18:55,21:00,292
2026-09-29,vuelta,2027-02-03,JetSMART,09:15,11:20,380
2026-09-29,vuelta,2027-02-03,LATAM,19:18,21:30,401
2026-09-29,vuelta,2027-02-03,Aerolineas Argentinas,10:15,12:20,374
2026-09-29,vuelta,2027-02-03,JetSMART,19:15,21:20,389
2026-09-29,vuelta,2027-02-03,LATAM,17:28,19:40,508
2026-09-29,vuelta,2027-02-03,LATAM,12:28,14:40,1686
2026-09-29,vuelta,2027-02-04,Aerolineas Argentinas,21:50,23:55,266
2026-09-29,vuelta,2027-02-04,JetSMART,16:15,18:20,389
2026-09-29,vuelta,2027-02-04,LATAM,17:28,19:40,401
2026-09-29,vuelta,2027-02-04,Aerolineas Argentinas,10:15,12:20,374
2026-09-29,vuelta,2027-02-04,JetSMART,07:25,09:30,380
2026-09-29,vuelta,2027-02-04,JetSMART,19:15,21:20,380
2026-09-29,vuelta,2027-02-04,JetSMART,09:15,11:20,389
2026-09-29,vuelta,2027-02-04,LATAM,19:18,21:30,401
2026-09-29,vuelta,2027-02-04,LATAM,12:28,14:40,1087
2026-09-29,vuelta,2027-02-05,Aerolineas Argentinas,21:50,23:55,266
2026-09-29,vuelta,2027-02-05,Aerolineas Argentinas,15:35,17:40,292
2026-09-29,vuelta,2027-02-05,Aerolineas Argentinas,10:15,12:20,320
2026-09-29,vuelta,2027-02-05,JetSMART,09:15,11:20,389
2026-09-29,vuelta,2027-02-05,JetSMART,19:15,21:20,389
2026-09-29,vuelta,2027-02-05,LATAM,19:18,21:30,508
2026-09-29,vuelta,2027-02-05,LATAM,12:28,14:40,576
2026-09-29,vuelta,2027-02-05,LATAM,17:28,19:40,576
2026-10-01,ida,2026-12-14,JetSMART,23:55,02:17,531
2026-10-01,ida,2026-12-14,Aerolineas Argentinas,18:35,21:00,541
2026-10-01,ida,2026-12-14,LATAM,15:50,18:06,590
2026-10-01,ida,2026-12-14,Aerolineas Argentinas,07:00,09:25,504
2026-10-01,ida,2026-12-14,LATAM,22:30,00:46,519
2026-10-01,ida,2026-12-14,LATAM,09:25,11:41,590
2026-10-01,ida,2026-12-14,LATAM,21:00,23:16,590
2026-10-01,ida,2026-12-14,JetSMART,05:40,08:02,665
2026-10-01,ida,2026-12-15,Aerolineas Argentinas,07:00,09:25,504
2026-10-01,ida,2026-12-15,Aerolineas Argentinas,17:55,20:20,504
2026-10-01,ida,2026-12-15,LATAM,09:25,11:41,519
2026-10-01,ida,2026-12-15,LATAM,15:50,18:06,519
2026-10-01,ida,2026-12-15,LATAM,21:00,23:16,519
2026-10-01,ida,2026-12-15,JetSMART,05:45,08:07,665
2026-10-01,ida,2026-12-16,Aerolineas Argentinas,12:20,14:45,504
2026-10-01,ida,2026-12-16,Aerolineas Argentinas,18:35,21:00,504
2026-10-01,ida,2026-12-16,LATAM,15:50,18:06,519
2026-10-01,ida,2026-12-16,LATAM,09:25,11:41,519
2026-10-01,ida,2026-12-16,LATAM,21:00,23:16,519
2026-10-01,ida,2026-12-16,LATAM,22:30,00:46,519
2026-10-01,ida,2026-12-16,Aerolineas Argentinas,07:00,09:25,541
2026-10-01,ida,2026-12-16,JetSMART,22:10,00:32,665
2026-10-01,ida,2026-12-17,Aerolineas Argentinas,12:20,14:45,504
2026-10-01,ida,2026-12-17,LATAM,09:25,11:41,519
2026-10-01,ida,2026-12-17,LATAM,15:50,18:06,519
2026-10-01,ida,2026-12-17,LATAM,22:30,00:46,519
2026-10-01,ida,2026-12-18,LATAM,15:50,18:06,519
2026-10-01,ida,2026-12-18,Aerolineas Argentinas,12:20,14:45,541
2026-10-01,ida,2026-12-18,Aerolineas Argentinas,07:00,09:25,504
2026-10-01,ida,2026-12-18,LATAM,09:25,11:41,519
2026-10-01,ida,2026-12-18,Aerolineas Argentinas,18:35,21:00,541
2026-10-01,ida,2026-12-19,Aerolineas Argentinas,07:00,09:25,580
2026-10-01,ida,2026-12-19,LATAM,15:50,18:06,631
2026-10-01,ida,2026-12-19,JetSMART,16:30,18:52,777
2026-10-01,ida,2026-12-19,Aerolineas Argentinas,15:40,18:05,946
2026-10-01,ida,2026-12-19,LATAM,21:00,23:16,1685
2026-10-01,ida,2026-12-20,Aerolineas Argentinas,18:35,21:00,541
2026-10-01,ida,2026-12-20,LATAM,22:30,00:46,590
2026-10-01,ida,2026-12-20,Aerolineas Argentinas,12:20,14:45,656
2026-10-01,ida,2026-12-20,LATAM,21:00,23:16,756
2026-10-01,ida,2026-12-20,JetSMART,16:30,18:52,806
2026-10-01,ida,2026-12-21,Aerolineas Argentinas,18:35,21:00,541
2026-10-01,ida,2026-12-21,Aerolineas Argentinas,12:20,14:45,580
2026-10-01,ida,2026-12-21,LATAM,15:50,18:06,631
2026-10-01,ida,2026-12-21,JetSMART,22:10,00:32,677
2026-10-01,ida,2026-12-21,LATAM,21:00,23:16,1073
2026-10-01,ida,2026-12-22,LATAM,21:00,23:16,519
2026-10-01,ida,2026-12-22,LATAM,15:50,18:06,590
2026-10-01,ida,2026-12-22,Aerolineas Argentinas,12:20,14:45,656
2026-10-01,ida,2026-12-22,Aerolineas Argentinas,07:00,09:25,504
2026-10-01,ida,2026-12-22,LATAM,22:30,00:46,519
2026-10-01,ida,2026-12-22,LATAM,09:25,11:41,590
2026-10-01,ida,2026-12-22,JetSMART,05:45,08:07,665
2026-10-01,ida,2026-12-22,Aerolineas Argentinas,17:55,20:20,846
2026-10-01,vuelta,2027-01-22,Aerolineas Argentinas,10:15,12:20,377
2026-10-01,vuelta,2027-01-22,Aerolineas Argentinas,15:35,17:40,377
2026-10-01,vuelta,2027-01-22,JetSMART,19:15,21:20,418
2026-10-01,vuelta,2027-01-22,LATAM,19:18,21:30,1093
2026-10-01,vuelta,2027-01-22,LATAM,12:28,14:40,1374
2026-10-01,vuelta,2027-01-22,LATAM,17:28,19:40,1374
2026-10-01,vuelta,2027-01-23,Aerolineas Argentinas,18:55,21:00,377
2026-10-01,vuelta,2027-01-23,JetSMART,19:15,21:20,392
2026-10-01,vuelta,2027-01-23,LATAM,12:28,14:40,511
2026-10-01,vuelta,2027-01-23,Aerolineas Argentinas,10:15,12:20,513
2026-10-01,vuelta,2027-01-23,JetSMART,07:25,09:30,433
2026-10-01,vuelta,2027-01-23,LATAM,19:18,21:30,511
2026-10-01,vuelta,2027-01-23,LATAM,17:28,19:40,580
2026-10-01,vuelta,2027-01-24,Aerolineas Argentinas,22:00,00:05,322
2026-10-01,vuelta,2027-01-24,Aerolineas Argentinas,10:15,12:20,377
2026-10-01,vuelta,2027-01-24,LATAM,17:28,19:40,451
2026-10-01,vuelta,2027-01-24,JetSMART,07:25,09:30,392
2026-10-01,vuelta,2027-01-24,LATAM,19:18,21:30,451
2026-10-01,vuelta,2027-01-24,JetSMART,19:15,21:20,508
2026-10-01,vuelta,2027-01-24,LATAM,12:28,14:40,774
2026-10-01,vuelta,2027-01-25,Aerolineas Argentinas,21:50,23:55,322
2026-10-01,vuelta,2027-01-25,Aerolineas Argentinas,15:35,17:40,377
2026-10-01,vuelta,2027-01-25,JetSMART,19:15,21:20,392
2026-10-01,vuelta,2027-01-25,LATAM,19:18,21:30,403
2026-10-01,vuelta,2027-01-25,Aerolineas Argentinas,10:15,12:20,444
2026-10-01,vuelta,2027-01-25,LATAM,12:28,14:40,511
2026-10-01,vuelta,2027-01-25,LATAM,17:28,19:40,580
2026-10-01,vuelta,2027-01-26,Aerolineas Argentinas,21:50,23:55,294
2026-10-01,vuelta,2027-01-26,JetSMART,09:13,11:20,392
2026-10-01,vuelta,2027-01-26,Aerolineas Argentinas,10:15,12:20,444
2026-10-01,vuelta,2027-01-26,LATAM,19:18,21:30,451
2026-10-01,vuelta,2027-01-26,LATAM,17:28,19:40,511
2026-10-01,vuelta,2027-01-26,LATAM,12:28,14:40,1093
2026-10-01,vuelta,2027-01-26,JetSMART,16:13,18:20,1451
2026-10-01,vuelta,2027-01-27,Aerolineas Argentinas,18:55,21:00,267
2026-10-01,vuelta,2027-01-27,Aerolineas Argentinas,21:50,23:55,267
2026-10-01,vuelta,2027-01-27,JetSMART,19:15,21:20,392
2026-10-01,vuelta,2027-01-27,Aerolineas Argentinas,10:15,12:20,444
2026-10-01,vuelta,2027-01-27,LATAM,19:18,21:30,511
2026-10-01,vuelta,2027-01-27,LATAM,17:28,19:40,663
2026-10-01,vuelta,2027-01-27,LATAM,12:28,14:40,1093
2026-10-01,vuelta,2027-01-28,JetSMART,16:13,18:20,314
2026-10-01,vuelta,2027-01-28,Aerolineas Argentinas,10:15,12:20,322
2026-10-01,vuelta,2027-01-28,LATAM,19:18,21:30,362
2026-10-01,vuelta,2027-01-28,Aerolineas Argentinas,21:50,23:55,267
2026-10-01,vuelta,2027-01-28,JetSMART,07:25,09:30,287
2026-10-01,vuelta,2027-01-28,JetSMART,09:13,11:20,383
2026-10-01,vuelta,2027-01-28,JetSMART,19:15,21:20,383
2026-10-01,vuelta,2027-01-28,LATAM,17:28,19:40,511
2026-10-01,vuelta,2027-01-28,LATAM,12:28,14:40,1374
2026-10-01,vuelta,2027-01-29,Aerolineas Argentinas,21:50,23:55,267
2026-10-01,vuelta,2027-01-29,Aerolineas Argentinas,15:35,17:40,377
2026-10-01,vuelta,2027-01-29,JetSMART,19:15,21:20,392
2026-10-01,vuelta,2027-01-29,Aerolineas Argentinas,10:15,12:20,444
2026-10-01,vuelta,2027-01-29,LATAM,19:18,21:30,511
2026-10-01,vuelta,2027-01-29,LATAM,17:28,19:40,580
2026-10-01,vuelta,2027-01-29,LATAM,12:28,14:40,1093
2026-10-01,vuelta,2027-01-30,Aerolineas Argentinas,10:15,12:20,294
2026-10-01,vuelta,2027-01-30,Aerolineas Argentinas,18:55,21:00,377
2026-10-01,vuelta,2027-01-30,JetSMART,07:25,09:30,392
2026-10-01,vuelta,2027-01-30,JetSMART,19:15,21:20,418
2026-10-01,vuelta,2027-01-30,LATAM,19:18,21:30,511
2026-10-01,vuelta,2027-01-30,LATAM,17:28,19:40,774
2026-10-01,vuelta,2027-01-31,Aerolineas Argentinas,18:55,21:00,294
2026-10-01,vuelta,2027-01-31,Aerolineas Argentinas,22:00,00:05,294
2026-10-01,vuelta,2027-01-31,Aerolineas Argentinas,10:15,12:20,377
2026-10-01,vuelta,2027-01-31,JetSMART,19:15,21:20,418
2026-10-01,vuelta,2027-01-31,JetSMART,07:25,09:30,418
2026-10-01,vuelta,2027-01-31,LATAM,17:28,19:40,663
2026-10-01,vuelta,2027-01-31,LATAM,19:18,21:30,663
2026-10-01,vuelta,2027-01-31,LATAM,12:28,14:40,908
2026-10-01,vuelta,2027-02-01,Aerolineas Argentinas,21:50,23:55,294
2026-10-01,vuelta,2027-02-01,Aerolineas Argentinas,15:35,17:40,322
2026-10-01,vuelta,2027-02-01,Aerolineas Argentinas,10:15,12:20,377
2026-10-01,vuelta,2027-02-01,JetSMART,16:15,18:20,392
2026-10-01,vuelta,2027-02-01,LATAM,19:18,21:30,511
2026-10-01,vuelta,2027-02-01,JetSMART,19:15,21:20,383
2026-10-01,vuelta,2027-02-01,JetSMART,09:15,11:20,418
2026-10-01,vuelta,2027-02-01,LATAM,17:28,19:40,580
2026-10-01,vuelta,2027-02-01,LATAM,12:28,14:40,1374
2026-10-01,vuelta,2027-02-02,Aerolineas Argentinas,21:50,23:55,267
2026-10-01,vuelta,2027-02-02,Aerolineas Argentinas,10:15,12:20,377
2026-10-01,vuelta,2027-02-02,JetSMART,19:15,21:20,383
2026-10-01,vuelta,2027-02-02,LATAM,19:18,21:30,403
2026-10-01,vuelta,2027-02-02,JetSMART,09:15,11:20,418
2026-10-01,vuelta,2027-02-02,LATAM,17:28,19:40,580
2026-10-01,vuelta,2027-02-02,LATAM,12:28,14:40,774
2026-10-01,vuelta,2027-02-03,Aerolineas Argentinas,21:50,23:55,267
2026-10-01,vuelta,2027-02-03,Aerolineas Argentinas,18:55,21:00,294
2026-10-01,vuelta,2027-02-03,JetSMART,09:15,11:20,383
2026-10-01,vuelta,2027-02-03,Aerolineas Argentinas,10:15,12:20,377
2026-10-01,vuelta,2027-02-03,JetSMART,19:15,21:20,392
2026-10-01,vuelta,2027-02-03,LATAM,19:18,21:30,451
2026-10-01,vuelta,2027-02-03,LATAM,12:28,14:40,1093
2026-10-01,vuelta,2027-02-04,Aerolineas Argentinas,21:50,23:55,267
2026-10-01,vuelta,2027-02-04,LATAM,19:18,21:30,329
2026-10-01,vuelta,2027-02-04,JetSMART,16:15,18:20,392
2026-10-01,vuelta,2027-02-04,Aerolineas Argentinas,10:15,12:20,377
2026-10-01,vuelta,2027-02-04,JetSMART,07:25,09:30,383
2026-10-01,vuelta,2027-02-04,JetSMART,19:15,21:20,383
2026-10-01,vuelta,2027-02-04,LATAM,17:28,19:40,403
2026-10-01,vuelta,2027-02-04,LATAM,12:28,14:40,1093
2026-10-01,vuelta,2027-02-05,Aerolineas Argentinas,21:50,23:55,267
2026-10-01,vuelta,2027-02-05,Aerolineas Argentinas,15:35,17:40,294
2026-10-01,vuelta,2027-02-05,Aerolineas Argentinas,10:15,12:20,322
2026-10-01,vuelta,2027-02-05,JetSMART,09:15,11:20,392
2026-10-01,vuelta,2027-02-05,JetSMART,19:15,21:20,392
2026-10-01,vuelta,2027-02-05,LATAM,19:18,21:30,511
2026-10-01,vuelta,2027-02-05,LATAM,12:28,14:40,580
2026-10-01,vuelta,2027-02-05,LATAM,17:28,19:40,580
